Workbook

Sheet 요약
A1: 비뢰도 난이도 수치 정리 (일반 / 어려움 / 극악)
A2: 게임 코드(StageStars, Recommend, Realm)에서 추출한 현재 값입니다. 스테이지 1~30의 보스 능력치, 추천 경지, 보상, 신속 한도를 난이도별로 비교합니다.
A4: 항목 | B4: 일반 | C4: 어려움 | D4: 극악 | E4: 어려움/일반 | F4: 극악/일반
A5: 적 체력 배율 (HpScale) | B5: 1 | C5: 2.005 | D5: 3.461 | E5: =IF(B5=0,"-",C5/B5) -> 2.005 | F5: =IF(B5=0,"-",D5/B5) -> 3.461
A6: 적 공격 배율 (AtkScale) | B6: 1 | C6: 1.602 | D6: 2.434 | E6: =IF(B6=0,"-",C6/B6) -> 1.602 | F6: =IF(B6=0,"-",D6/B6) -> 2.434
A7: 적 방어 배율 (DefScale) | B7: 1 | C7: 1.0207 | D7: 1.0579 | E7: =IF(B7=0,"-",C7/B7) -> 1.0207 | F7: =IF(B7=0,"-",D7/B7) -> 1.0579
A8: 보상 배율 (두·경험치) | B8: 1 | C8: 1.5 | D8: 2.2 | E8: =IF(B8=0,"-",C8/B8) -> 1.5 | F8: =IF(B8=0,"-",D8/B8) -> 2.2
A9: 적 기준 레벨 시작 (스테이지 1) | B9: 0 | C9: 33 | D9: 63
A10: 도전 가능 최소 레벨 | B10: 0 | C10: 10 | D10: 20
A12: 스테이지 30 보스(대공자 비) 비교
A13: 항목 | B13: 일반 | C13: 어려움 | D13: 극악 | E13: 어려움/일반 | F13: 극악/일반
A14: 체력 | B14: ='보스 수치'!E33 -> 23511 | C14: ='보스 수치'!M33 -> 89635 | D14: ='보스 수치'!U33 -> 165318 | E14: =IF(B14=0,"-",C14/B14) -> 3.8124708 | F14: =IF(B14=0,"-",D14/B14) -> 7.0315172
A15: 공격 | B15: ='보스 수치'!F33 -> 1317 | C15: ='보스 수치'!N33 -> 1727 | D15: ='보스 수치'!V33 -> 2260 | E15: =IF(B15=0,"-",C15/B15) -> 1.3113136 | F15: =IF(B15=0,"-",D15/B15) -> 1.7160213
A16: 방어 | B16: ='보스 수치'!G33 -> 941 | C16: ='보스 수치'!O33 -> 1234 | D16: ='보스 수치'!W33 -> 1614 | E16: =IF(B16=0,"-",C16/B16) -> 1.3113709 | F16: =IF(B16=0,"-",D16/B16) -> 1.7151966
A17: 종합 수치 | B17: ='보스 수치'!I33 -> 809 | C17: ='보스 수치'!Q33 -> 1295 | D17: ='보스 수치'!Y33 -> 1725 | E17: =IF(B17=0,"-",C17/B17) -> 1.6007417 | F17: =IF(B17=0,"-",D17/B17) -> 2.1322621
A18: 비류연 타수 | B18: ='보스 수치'!J33 -> 107.4 | C18: ='보스 수치'!R33 -> 416.9 | D18: ='보스 수치'!Z33 -> 791 | E18: =IF(B18=0,"-",C18/B18) -> 3.8817505 | F18: =IF(B18=0,"-",D18/B18) -> 7.3649907
A19: 큰 기술 (비류연 체력 대비 %) | B19: ='보스 수치'!K33 -> 51.2 | C19: ='보스 수치'!S33 -> 85.7 | D19: ='보스 수치'!AA33 -> 139.7 | E19: =IF(B19=0,"-",C19/B19) -> 1.6738281 | F19: =IF(B19=0,"-",D19/B19) -> 2.7285156
A21: 읽는 법
A22: · 보스 수치: 각 스테이지의 보스 한 명의 능력치입니다. 공격·방어는 적 정보 창에 보이는 값이고, 종합 수치는 체력·공격·방어·속도로 낸 경지 계산 값입니다.
A23: · 비류연 타수: 추천 레벨(일반은 추가 레벨 포함, 어려움·극악은 해당 난이도 레벨 보정 포함)의 장비 없는 비류연이 위력 2.0 무공으로 보스를 쓰러뜨리는 데 걸리는 타수입니다.
A24: · 큰 기술: 보스의 가장 센 일반 기술 한 번이 비류연 최대 체력의 몇 %인지입니다. 방어하면 x0.4이고 실제 전투에서는 동료가 함께 맞습니다.
A25: · 일반 난이도에는 체력·공격 상향(스테이지 1·6 x1.0, 7 x1.45 → 30 x2.6)이 곱해져 있고 어려움·극악도 같은 상향을 받습니다.
A26: · 어려움·극악 체력은 스테이지별 난이도 곡선(Ramp)이 붙습니다: 솔로 구간(1~6)은 약하게, 7부터 가파르게 오릅니다.
A27: · 이 파일의 값은 게임 코드에서 뽑은 고정값입니다(파란 글씨는 규칙 상수). 코드를 바꾸면 다시 뽑아야 합니다.

Sheet 보스 수치
A1: 스테이지 보스 능력치 (난이도별)
A2: 스테이지 | B2: 스테이지 이름 | C2: 보스 | D2: 일반 | L2: 어려움 | T2: 극악 | AB2: 일반 대비 배율
D3: 레벨 | E3: 체력 | F3: 공격 | G3: 방어 | H3: 속도 | I3: 종합 수치 | J3: 비류연 타수 | K3: 큰 기술 % | L3: 레벨 | M3: 체력 | N3: 공격 | O3: 방어 | P3: 속도 | Q3: 종합 수치 | R3: 비류연 타수 | S3: 큰 기술 % | T3: 레벨 | U3: 체력 | V3: 공격 | W3: 방어 | X3: 속도 | Y3: 종합 수치 | Z3: 비류연 타수 | AA3: 큰 기술 % | AB3: 체력 어려움 | AC3: 체력 극악 | AD3: 공격 어려움 | AE3: 공격 극악
A4: 1 | B4: 아미산 숲 | C4: 백호 | D4: 2 | E4: 210 | F4: 23 | G4: 17 | H4: 108 | I4: 31 | J4: 10.5 | K4: 13.9 | L4: 34 | M4: 1530 | N4: 230 | O4: 164 | P4: 124 | Q4: 164 | R4: 11.7 | S4: 10.8 | T4: 64 | U4: 3259 | V4: 447 | W4: 319 | X4: 139 | Y4: 284 | Z4: 18.4 | AA4: 9.1 | AB4: =IF(E4=0,"-",M4/E4) -> 7.2857143 | AC4: =IF(E4=0,"-",U4/E4) -> 15.519048 | AD4: =IF(F4=0,"-",N4/F4) -> 10 | AE4: =IF(F4=0,"-",V4/F4) -> 19.434783
A5: 2 | B5: 중양표국 | C5: 비풍도 강장한 | D5: 5 | E5: 370 | F5: 47 | G5: 33 | H5: 102 | I5: 49 | J5: 7.6 | K5: 12.1 | L5: 35 | M5: 1846 | N5: 261 | O5: 186 | P5: 117 | Q5: 180 | R5: 13.2 | S5: 11.3 | T5: 64 | U5: 3829 | V5: 493 | W5: 352 | X5: 131 | Y5: 305 | Z5: 20.8 | AA5: 9.6 | AB5: =IF(E5=0,"-",M5/E5) -> 4.9891892 | AC5: =IF(E5=0,"-",U5/E5) -> 10.348649 | AD5: =IF(F5=0,"-",N5/F5) -> 5.5531915 | AE5: =IF(F5=0,"-",V5/F5) -> 10.489362
A6: 3 | B6: 호골채 매복 | C6: 패호 중광 | D6: 8 | E6: 390 | F6: 71 | G6: 51 | H6: 103 | I6: 62 | J6: 6.4 | K6: 15.7 | L6: 36 | M6: 1496 | N6: 284 | O6: 203 | P6: 117 | Q6: 178 | R6: 10.8 | S6: 14 | T6: 64 | U6: 3026 | V6: 522 | W6: 373 | X6: 131 | Y6: 296 | Z6: 16.4 | AA6: 11.6 | AB6: =IF(E6=0,"-",M6/E6) -> 3.8358974 | AC6: =IF(E6=0,"-",U6/E6) -> 7.7589744 | AD6: =IF(F6=0,"-",N6/F6) -> 4 | AE6: =IF(F6=0,"-",V6/F6) -> 7.3521127
A7: 4 | B7: 용골채 매복 | C7: 패룡 우악 | D7: 11 | E7: 775 | F7: 103 | G7: 73 | H7: 105 | I7: 89 | J7: 10.8 | K7: 21 | L7: 37 | M7: 2029 | N7: 312 | O7: 223 | P7: 118 | Q7: 202 | R7: 13.9 | S7: 16.1 | T7: 64 | U7: 4004 | V7: 560 | W7: 400 | X7: 131 | Y7: 329 | Z7: 21.8 | AA7: 14.3 | AB7: =IF(E7=0,"-",M7/E7) -> 2.6180645 | AC7: =IF(E7=0,"-",U7/E7) -> 5.1664516 | AD7: =IF(F7=0,"-",N7/F7) -> 3.0291262 | AE7: =IF(F7=0,"-",V7/F7) -> 5.4368932
A8: 5 | B8: 주주 윤하루 | C8: 염도 곽영희 | D8: 14 | E8: 1307 | F8: 181 | G8: 130 | H8: 106 | I8: 134 | J8: 16.1 | K8: 46.2 | L8: 38 | M8: 2411 | N8: 435 | O8: 310 | P8: 118 | Q8: 249 | R8: 16.6 | S8: 32.7 | T8: 64 | U8: 4174 | V8: 734 | W8: 524 | X8: 131 | Y8: 381 | Z8: 22.6 | AA8: 26.4 | AB8: =IF(E8=0,"-",M8/E8) -> 1.8446825 | AC8: =IF(E8=0,"-",U8/E8) -> 3.1935731 | AD8: =IF(F8=0,"-",N8/F8) -> 2.4033149 | AE8: =IF(F8=0,"-",V8/F8) -> 4.0552486
A9: 6 | B9: 남창 호아장 | C9: 호아장주 호천상 | D9: 17 | E9: 922 | F9: 157 | G9: 112 | H9: 108 | I9: 115 | J9: 10.2 | K9: 22.9 | L9: 40 | M9: 1527 | N9: 334 | O9: 238 | P9: 119 | Q9: 195 | R9: 10.2 | S9: 15.6 | T9: 64 | U9: 2524 | V9: 535 | W9: 382 | X9: 131 | Y9: 287 | Z9: 13.6 | AA9: 13.2 | AB9: =IF(E9=0,"-",M9/E9) -> 1.6561822 | AC9: =IF(E9=0,"-",U9/E9) -> 2.7375271 | AD9: =IF(F9=0,"-",N9/F9) -> 2.1273885 | AE9: =IF(F9=0,"-",V9/F9) -> 3.4076433
A10: 7 | B10: 천무학관 검혼관 | C10: 호아장 대사형 호천강 | D10: 21 | E10: 2289 | F10: 351 | G10: 251 | H10: 110 | I10: 217 | J10: 21.2 | K10: 69.1 | L10: 42 | M10: 10258 | N10: 872 | O10: 623 | P10: 120 | Q10: 509 | R10: 65.8 | S10: 92.7 | T10: 65 | U10: 24593 | V10: 1598 | W10: 1142 | X10: 132 | Y10: 877 | Z10: 136.6 | AA10: 111.5 | AB10: =IF(E10=0,"-",M10/E10) -> 4.4814329 | AC10: =IF(E10=0,"-",U10/E10) -> 10.743993 | AD10: =IF(F10=0,"-",N10/F10) -> 2.4843305 | AE10: =IF(F10=0,"-",V10/F10) -> 4.5527066
A11: 8 | B11: 천무식당 | C11: 추가연 | D11: 23 | E11: 2390 | F11: 445 | G11: 318 | H11: 111 | I11: 248 | J11: 20.4 | K11: 89.3 | L11: 43 | M11: 10311 | N11: 1048 | O11: 749 | P11: 121 | Q11: 559 | R11: 63.3 | S11: 120 | T11: 65 | U11: 24418 | V11: 1887 | W11: 1348 | X11: 132 | Y11: 951 | Z11: 130.6 | AA11: 145.9 | AB11: =IF(E11=0,"-",M11/E11) -> 4.3142259 | AC11: =IF(E11=0,"-",U11/E11) -> 10.216736 | AD11: =IF(F11=0,"-",N11/F11) -> 2.3550562 | AE11: =IF(F11=0,"-",V11/F11) -> 4.2404494
A12: 9 | B12: 천무학관 운향정 | C12: 선풍검룡 위지천 | D12: 26 | E12: 3941 | F12: 501 | G12: 358 | H12: 112 | I12: 298 | J12: 32 | K12: 133.8 | L12: 45 | M12: 16235 | N12: 1107 | O12: 791 | P12: 122 | Q12: 645 | R12: 102.1 | S12: 192.2 | T12: 67 | U12: 38283 | V12: 1975 | W12: 1411 | X12: 133 | Y12: 1091 | Z12: 209.2 | AA12: 232.4 | AB12: =IF(E12=0,"-",M12/E12) -> 4.1195128 | AC12: =IF(E12=0,"-",U12/E12) -> 9.714032 | AD12: =IF(F12=0,"-",N12/F12) -> 2.2095808 | AE12: =IF(F12=0,"-",V12/F12) -> 3.9421158
A13: 10 | B13: 백향관 침투 | C13: 빙백봉 나예린 | D13: 27 | E13: 4420 | F13: 605 | G13: 432 | H13: 113 | I13: 338 | J13: 33.5 | K13: 111.9 | L13: 45 | M13: 17922 | N13: 1299 | O13: 928 | P13: 122 | Q13: 716 | R13: 106.7 | S13: 162.9 | T13: 66 | U13: 42020 | V13: 2294 | W13: 1639 | X13: 132 | Y13: 1202 | Z13: 220 | AA13: 199.3 | AB13: =IF(E13=0,"-",M13/E13) -> 4.0547511 | AC13: =IF(E13=0,"-",U13/E13) -> 9.5067873 | AD13: =IF(F13=0,"-",N13/F13) -> 2.1471074 | AE13: =IF(F13=0,"-",V13/F13) -> 3.7917355
A14: 11 | B14: 승급시험 | C14: 철검비룡 단대풍 | D14: 29 | E14: 3605 | F14: 605 | G14: 432 | H14: 114 | I14: 322 | J14: 25.8 | K14: 93.7 | L14: 46 | M14: 14245 | N14: 1248 | O14: 891 | P14: 122 | Q14: 663 | R14: 85.8 | S14: 147.2 | T14: 66 | U14: 32996 | V14: 2166 | W14: 1547 | X14: 132 | Y14: 1099 | Z14: 172.8 | AA14: 177.6 | AB14: =IF(E14=0,"-",M14/E14) -> 3.9514563 | AC14: =IF(E14=0,"-",U14/E14) -> 9.1528433 | AD14: =IF(F14=0,"-",N14/F14) -> 2.0628099 | AE14: =IF(F14=0,"-",V14/F14) -> 3.5801653
A15: 12 | B15: 삼성무제 본선 | C15: 팔비신검 전옥기 | D15: 31 | E15: 4843 | F15: 679 | G15: 485 | H15: 115 | I15: 368 | J15: 32.9 | K15: 100 | L15: 47 | M15: 17692 | N15: 1334 | O15: 953 | P15: 123 | Q15: 725 | R15: 102.3 | S15: 152.8 | T15: 66 | U15: 40490 | V15: 2279 | W15: 1628 | X15: 132 | Y15: 1187 | Z15: 212 | AA15: 196.3 | AB15: =IF(E15=0,"-",M15/E15) -> 3.6531076 | AC15: =IF(E15=0,"-",U15/E15) -> 8.3605203 | AD15: =IF(F15=0,"-",N15/F15) -> 1.9646539 | AE15: =IF(F15=0,"-",V15/F15) -> 3.3564065
... A33: 30 | B33: 화룡멸겁대진 | C33: 대공자 비 | D33: 67 | E33: 23511 | F33: 1317 | G33: 941 | H33: 147 | I33: 809 | J33: 107.4 | K33: 51.2 | L33: 67 | M33: 89635 | N33: 1727 | O33: 1234 | P33: 147 | Q33: 1295 | R33: 416.9 | S33: 85.7 | T33: 67 | U33: 165318 | V33: 2260 | W33: 1614 | X33: 147 | Y33: 1725 | Z33: 791 | AA33: 139.7 | AB33: =IF(E33=0,"-",M33/E33) -> 3.8124708 | AC33: =IF(E33=0,"-",U33/E33) -> 7.0315172 | AD33: =IF(F33=0,"-",N33/F33) -> 1.3113136 | AE33: =IF(F33=0,"-",V33/F33) -> 1.7160213
A36: 비류연 타수·큰 기술 %는 장비 없는 비류연 기준의 참고 값입니다. 30행 아래 합계 없음. 값 출처: 게임 코드(스테이지 적 데이터 + 난이도 배율).

Sheet 스테이지 종합
A1: 스테이지별 총 체력·추천 경지·보상·신속 한도
A2: 스테이지 | B2: 이름 | C2: 추천 레벨 | D2: 전투 수 | E2: 적 수 | F2: 일반 | L2: 어려움 | R2: 극악 | X2: 일반 대비 배율
F3: 적 총 체력 | G3: 추천 종합 수치 | H3: 추천 경지 | I3: 경험치 | J3: 두 | K3: 신속 한도 합 | L3: 적 총 체력 | M3: 추천 종합 수치 | N3: 추천 경지 | O3: 경험치 | P3: 두 | Q3: 신속 한도 합 | R3: 적 총 체력 | S3: 추천 종합 수치 | T3: 추천 경지 | U3: 경험치 | V3: 두 | W3: 신속 한도 합 | X3: 총 체력 어려움 | Y3: 총 체력 극악 | Z3: 경험치 어려움 | AA3: 경험치 극악
A4: 1 | B4: 아미산 숲 | C4: 1 | D4: 4 | E4: 5 | F4: 564 | G4: 28 | H4: 삼급 | I4: 124 | J4: 539 | K4: 29 | L4: 4537 | M4: 165 | N4: 일급 | O4: 186 | P4: 809 | Q4: 36 | R4: 9735 | S4: 270 | T4: 절정 초입 | U4: 273 | V4: 1185 | W4: 41 | X4: =IF(F4=0,"-",L4/F4) -> 8.0443262 | Y4: =IF(F4=0,"-",R4/F4) -> 17.260638 | Z4: =IF(I4=0,"-",O4/I4) -> 1.5 | AA4: =IF(I4=0,"-",U4/I4) -> 2.2016129
A5: 2 | B5: 중양표국 | C5: 3 | D5: 3 | E5: 5 | F5: 986 | G5: 45 | H5: 삼급 | I5: 236 | J5: 2520 | K5: 17 | L5: 5586 | M5: 169 | N5: 일급 | O5: 354 | P5: 3780 | Q5: 21 | R5: 11761 | S5: 270 | T5: 절정 초입 | U5: 520 | V5: 5544 | W5: 25 | X5: =IF(F5=0,"-",L5/F5) -> 5.6653144 | Y5: =IF(F5=0,"-",R5/F5) -> 11.927992 | Z5: =IF(I5=0,"-",O5/I5) -> 1.5 | AA5: =IF(I5=0,"-",U5/I5) -> 2.2033898
A6: 3 | B6: 호골채 매복 | C6: 4 | D6: 3 | E6: 7 | F6: 1632 | G6: 60 | H6: 삼급 | I6: 403 | J6: 2880 | K6: 14 | L6: 6932 | M6: 173 | N6: 일급 | O6: 604 | P6: 4320 | Q6: 17 | R6: 14264 | S6: 270 | T6: 절정 초입 | U6: 887 | V6: 6336 | W6: 20 | X6: =IF(F6=0,"-",L6/F6) -> 4.247549 | Y6: =IF(F6=0,"-",R6/F6) -> 8.7401961 | Z6: =IF(I6=0,"-",O6/I6) -> 1.4987593 | AA6: =IF(I6=0,"-",U6/I6) -> 2.2009926
A7: 4 | B7: 용골채 매복 | C7: 5 | D7: 3 | E7: 7 | F7: 2671 | G7: 74 | H7: 삼급 | I7: 593 | J7: 4140 | K7: 20 | L7: 7477 | M7: 176 | N7: 일급 | O7: 889 | P7: 6210 | Q7: 23 | R7: 14972 | S7: 270 | T7: 절정 초입 | U7: 1305 | V7: 9108 | W7: 24 | X7: =IF(F7=0,"-",L7/F7) -> 2.7993261 | Y7: =IF(F7=0,"-",R7/F7) -> 5.6053912 | Z7: =IF(I7=0,"-",O7/I7) -> 1.4991568 | AA7: =IF(I7=0,"-",U7/I7) -> 2.2006745
A8: 5 | B8: 주주 윤하루 | C8: 6 | D8: 2 | E8: 2 | F8: 1776 | G8: 87 | H8: 이급 | I8: 806 | J8: 8460 | K8: 13 | L8: 3339 | M8: 180 | N8: 초일급 | O8: 1209 | P8: 12690 | Q8: 15 | R8: 5811 | S8: 270 | T8: 절정 초입 | U8: 1773 | V8: 18612 | W8: 15 | X8: =IF(F8=0,"-",L8/F8) -> 1.8800676 | Y8: =IF(F8=0,"-",R8/F8) -> 3.2719595 | Z8: =IF(I8=0,"-",O8/I8) -> 1.5 | AA8: =IF(I8=0,"-",U8/I8) -> 2.1997519
A9: 6 | B9: 남창 호아장 | C9: 7 | D9: 3 | E9: 7 | F9: 4078 | G9: 100 | H9: 이급 | I9: 1070 | J9: 5400 | K9: 21 | L9: 7041 | M9: 187 | N9: 초일급 | O9: 1605 | P9: 8100 | Q9: 24 | R9: 11788 | S9: 270 | T9: 절정 초입 | U9: 2354 | V9: 11880 | W9: 24 | X9: =IF(F9=0,"-",L9/F9) -> 1.7265817 | Y9: =IF(F9=0,"-",R9/F9) -> 2.8906327 | Z9: =IF(I9=0,"-",O9/I9) -> 1.5 | AA9: =IF(I9=0,"-",U9/I9) -> 2.2
A10: 7 | B10: 천무학관 검혼관 | C10: 8 | D10: 4 | E10: 6 | F10: 7497 | G10: 122 | H10: 일급 | I10: 854 | J10: 6302 | K10: 35 | L10: 24132 | M10: 280 | N10: 절정 초입 | O10: 1280 | P10: 9453 | Q10: 88 | R10: 42452 | S10: 483 | T10: 절정 완숙 | U10: 1879 | V10: 13864 | W10: 140 | X10: =IF(F10=0,"-",L10/F10) -> 3.2188876 | Y10: =IF(F10=0,"-",R10/F10) -> 5.6625317 | Z10: =IF(I10=0,"-",O10/I10) -> 1.498829 | AA10: =IF(I10=0,"-",U10/I10) -> 2.2002342
A11: 8 | B11: 천무식당 | C11: 9 | D11: 3 | E11: 5 | F11: 7078 | G11: 130 | H11: 일급 | I11: 987 | J11: 6300 | K11: 28 | L11: 20908 | M11: 308 | N11: 절정 초입 | O11: 1481 | P11: 9450 | Q11: 71 | R11: 50216 | S11: 523 | T11: 절정 완숙 | U11: 2171 | V11: 13860 | W11: 115 | X11: =IF(F11=0,"-",L11/F11) -> 2.9539418 | Y11: =IF(F11=0,"-",R11/F11) -> 7.0946595 | Z11: =IF(I11=0,"-",O11/I11) -> 1.5005066 | AA11: =IF(I11=0,"-",U11/I11) -> 2.1995947
A12: 9 | B12: 천무학관 운향정 | C12: 10 | D12: 4 | E12: 5 | F12: 11367 | G12: 138 | H12: 일급 | I12: 1099 | J12: 7202 | K12: 42 | L12: 31672 | M12: 355 | N12: 절정 초입 | O12: 1649 | P12: 10804 | Q12: 108 | R12: 0 | S12: 600 | T12: 절정 완숙 | U12: 2417 | V12: 15845 | W12: 178 | X12: =IF(F12=0,"-",L12/F12) -> 2.7863113 | Y12: =IF(F12=0,"-",R12/F12) -> 0 | Z12: =IF(I12=0,"-",O12/I12) -> 1.500455 | AA12: =IF(I12=0,"-",U12/I12) -> 2.1992721
A13: 10 | B13: 백향관 침투 | C13: 10 | D13: 3 | E13: 4 | F13: 10624 | G13: 155 | H13: 일급 | I13: 1217 | J13: 7560 | K13: 33 | L13: 25785 | M13: 394 | N13: 절정 초입 | O13: 1825 | P13: 11340 | Q13: 87 | R13: 0 | S13: 661 | T13: 절정 극 | U13: 2678 | V13: 16632 | W13: 142 | X13: =IF(F13=0,"-",L13/F13) -> 2.427052 | Y13: =IF(F13=0,"-",R13/F13) -> 0 | Z13: =IF(I13=0,"-",O13/I13) -> 1.4995892 | AA13: =IF(I13=0,"-",U13/I13) -> 2.200493
A14: 11 | B14: 승급시험 | C14: 11 | D14: 3 | E14: 4 | F14: 8907 | G14: 163 | H14: 일급 | I14: 1368 | J14: 8280 | K14: 26 | L14: 21252 | M14: 365 | N14: 절정 초입 | O14: 2052 | P14: 12420 | Q14: 69 | R14: 0 | S14: 605 | T14: 절정 완숙 | U14: 3010 | V14: 18216 | W14: 116 | X14: =IF(F14=0,"-",L14/F14) -> 2.3859885 | Y14: =IF(F14=0,"-",R14/F14) -> 0 | Z14: =IF(I14=0,"-",O14/I14) -> 1.5 | AA14: =IF(I14=0,"-",U14/I14) -> 2.2002924
A15: 12 | B15: 삼성무제 본선 | C15: 12 | D15: 3 | E15: 4 | F15: 11920 | G15: 170 | H15: 일급 | I15: 1529 | J15: 9360 | K15: 32 | L15: 26254 | M15: 399 | N15: 절정 초입 | O15: 2293 | P15: 14040 | Q15: 83 | R15: 0 | S15: 653 | T15: 절정 극 | U15: 3364 | V15: 20592 | W15: 138 | X15: =IF(F15=0,"-",L15/F15) -> 2.2025168 | Y15: =IF(F15=0,"-",R15/F15) -> 0 | Z15: =IF(I15=0,"-",O15/I15) -> 1.499673 | AA15: =IF(I15=0,"-",U15/I15) -> 2.2001308
... A33: 30 | B33: 화룡멸겁대진 | C33: 25 | D33: 3 | E33: 5 | F33: 55367 | G33: 346 | H33: 절정 초입 | I33: 4736 | J33: 28800 | K33: 118 | L33: 0 | M33: 712 | N33: 절정 극 | O33: 7104 | P33: 43200 | Q33: 391 | R33: 0 | S33: 949 | T33: 절정 극 | U33: 10419 | V33: 63360 | W33: 740 | X33: =IF(F33=0,"-",L33/F33) -> 0 | Y33: =IF(F33=0,"-",R33/F33) -> 0 | Z33: =IF(I33=0,"-",O33/I33) -> 1.5 | AA33: =IF(I33=0,"-",U33/I33) -> 2.1999578
A35: 추천 종합 수치는 상태창과 같은 경지 보너스 전 수치입니다. 추천 경지와 신속 한도 합은 해당 난이도 기준이며, 보상은 처음 돌파할 때의 값입니다.

Sheet 난이도 배율
A1: 스테이지별 적 배율 (일반 상향 · 난이도 곡선)
A2: 스테이지 | B2: 일반 체력 상향 | C2: 일반 공격 상향 | D2: 일반 조정(Ease) | E2: 어려움 체력 곡선 | F2: 어려움 공격 곡선 | G2: 어려움 방어 곡선 | H2: 극악 체력 곡선 | I2: 극악 공격 곡선 | J2: 극악 방어 곡선 | K2: 어려움 레벨 가산 | L2: 극악 레벨 가산 | M2: 어려움 최종 체력 x | N2: 극악 최종 체력 x | O2: 어려움 최종 공격 x | P2: 극악 최종 공격 x
A3: 1 | B3: 1 | C3: 1 | D3: 1 | E3: 1.151 | F3: 1.09 | G3: 1.003 | H3: 1.369 | I3: 1.215 | J3: 1.009 | K3: 32 | L3: 62 | M3: =E3/D3^0.7*B3 -> 1.151 | N3: =H3/D3^0.7*B3 -> 1.369 | O3: =F3/D3^0.3*C3 -> 1.09 | P3: =I3/D3^0.3*C3 -> 1.215
A4: 2 | B4: 1.25 | C4: 1 | D4: 1 | E4: 1.151 | F4: 1.09 | G4: 1.003 | H4: 1.369 | I4: 1.215 | J4: 1.009 | K4: 30 | L4: 59 | M4: =E4/D4^0.7*B4 -> 1.43875 | N4: =H4/D4^0.7*B4 -> 1.71125 | O4: =F4/D4^0.3*C4 -> 1.09 | P4: =I4/D4^0.3*C4 -> 1.215
A5: 3 | B5: 1.25 | C5: 1 | D5: 1 | E5: 1.151 | F5: 1.09 | G5: 1.003 | H5: 1.369 | I5: 1.215 | J5: 1.009 | K5: 28 | L5: 56 | M5: =E5/D5^0.7*B5 -> 1.43875 | N5: =H5/D5^0.7*B5 -> 1.71125 | O5: =F5/D5^0.3*C5 -> 1.09 | P5: =I5/D5^0.3*C5 -> 1.215
A6: 4 | B6: 1.2 | C6: 1 | D6: 1.3 | E6: 1.151 | F6: 1.09 | G6: 1.003 | H6: 1.369 | I6: 1.215 | J6: 1.009 | K6: 26 | L6: 53 | M6: =E6/D6^0.7*B6 -> 1.1494662 | N6: =H6/D6^0.7*B6 -> 1.3671758 | O6: =F6/D6^0.3*C6 -> 1.0074964 | P6: =I6/D6^0.3*C6 -> 1.123035
A7: 5 | B7: 1.1 | C7: 1 | D7: 1.5 | E7: 1.05 | F7: 1.03 | G7: 1.001 | H7: 1.123 | I7: 1.072 | J7: 1.003 | K7: 24 | L7: 50 | M7: =E7/D7^0.7*B7 -> 0.86959714 | N7: =H7/D7^0.7*B7 -> 0.93005485 | O7: =F7/D7^0.3*C7 -> 0.91203152 | P7: =I7/D7^0.3*C7 -> 0.94922115
A8: 6 | B8: 1 | C8: 1 | D8: 1.5 | E8: 1.05 | F8: 1.03 | G8: 1.001 | H8: 1.123 | I8: 1.072 | J8: 1.003 | K8: 23 | L8: 47 | M8: =E8/D8^0.7*B8 -> 0.79054285 | N8: =H8/D8^0.7*B8 -> 0.84550441 | O8: =F8/D8^0.3*C8 -> 0.91203152 | P8: =I8/D8^0.3*C8 -> 0.94922115
A9: 7 | B9: 1.45 | C9: 0.788 | D9: 0.6 | E9: 1.704 | F9: 1.421 | G9: 1.014 | H9: 2.723 | I9: 2.004 | J9: 1.041 | K9: 21 | L9: 44 | M9: =E9/D9^0.7*B9 -> 3.532903 | N9: =H9/D9^0.7*B9 -> 5.6455956 | O9: =F9/D9^0.3*C9 -> 1.3051936 | P9: =I9/D9^0.3*C9 -> 1.8406811
A10: 8 | B10: 1.5 | C10: 1.055 | D10: 0.6 | E10: 1.734 | F10: 1.439 | G10: 1.015 | H10: 2.797 | I10: 2.047 | J10: 1.042 | K10: 20 | L10: 42 | M10: =E10/D10^0.7*B10 -> 3.7190711 | N10: =H10/D10^0.7*B10 -> 5.998986 | O10: =F10/D10^0.3*C10 -> 1.7695705 | P10: =I10/D10^0.3*C10 -> 2.5172418
A11: 9 | B11: 1.55 | C11: 0.795 | D11: 0.6 | E11: 1.764 | F11: 1.458 | G11: 1.016 | H11: 2.87 | I11: 2.09 | J11: 1.044 | K11: 19 | L11: 41 | M11: =E11/D11^0.7*B11 -> 3.9095287 | N11: =H11/D11^0.7*B11 -> 6.3607411 | O11: =F11/D11^0.3*C11 -> 1.3510744 | P11: =I11/D11^0.3*C11 -> 1.9367254
A12: 10 | B12: 1.6 | C12: 0.927 | D12: 0.6 | E12: 1.794 | F12: 1.476 | G12: 1.016 | H12: 2.944 | I12: 2.133 | J12: 1.046 | K12: 18 | L12: 39 | M12: =E12/D12^0.7*B12 -> 4.1042759 | N12: =H12/D12^0.7*B12 -> 6.735222 | O12: =F12/D12^0.3*C12 -> 1.5948532 | P12: =I12/D12^0.3*C12 -> 2.3047574
A13: 11 | B13: 1.65 | C13: 1.049 | D13: 0.6 | E13: 1.824 | F13: 1.494 | G13: 1.017 | H13: 3.018 | I13: 2.176 | J13: 1.047 | K13: 17 | L13: 37 | M13: =E13/D13^0.7*B13 -> 4.3033127 | N13: =H13/D13^0.7*B13 -> 7.1202838 | O13: =F13/D13^0.3*C13 -> 1.8267567 | P13: =I13/D13^0.3*C13 -> 2.6606577
A14: 12 | B14: 1.7 | C14: 0.881 | D14: 0.65 | E14: 1.854 | F14: 1.512 | G14: 1.018 | H14: 3.092 | I14: 2.219 | J14: 1.049 | K14: 16 | L14: 35 | M14: =E14/D14^0.7*B14 -> 4.2610762 | N14: =H14/D14^0.7*B14 -> 7.1063903 | O14: =F14/D14^0.3*C14 -> 1.5158412 | P14: =I14/D14^0.3*C14 -> 2.2246372
... A32: 30 | B32: 2.6 | C32: 1.165 | D32: 0.65 | E32: 2.397 | F32: 1.837 | G32: 1.029 | H32: 4.421 | I32: 2.993 | J32: 1.08 | K32: 0 | L32: 0 | M32: =E32/D32^0.7*B32 -> 8.4256232 | N32: =H32/D32^0.7*B32 -> 15.540125 | O32: =F32/D32^0.3*C32 -> 2.4353483 | P32: =I32/D32^0.3*C32 -> 3.967881
A34: 색: 파란 글씨는 코드의 규칙 값(StageStars 표), 검은 글씨는 계산식입니다. 최종 배율 = 곡선 ÷ Ease^0.7(공격은 ^0.3) × 일반 상향. 일반의 최종 배율은 일반 상향 열과 같고(24~30스테이지는 체력 x0.85·공격 x1.25 추가) 원래 적 표 기준입니다.

Sheet 그래프
A1: 난이도별 그래프 (스테이지 1~30)
